month,revenue_eur,shipments_processed,avg_revenue_per_shipment_eur,market
2016-01-01,422476.12,47851,8.83,consolidated
2016-02-01,359896.44,40436,8.90,consolidated
2016-03-01,426519.63,47058,9.06,consolidated
2016-04-01,433007.48,48920,8.85,consolidated
2016-05-01,413413.41,46815,8.83,consolidated
2016-06-01,404943.25,44984,9.00,consolidated
2016-07-01,396939.00,44642,8.89,consolidated
2016-08-01,422911.85,46906,9.02,consolidated
2016-09-01,405018.36,44842,9.03,consolidated
2016-10-01,429559.60,48690,8.82,consolidated
2016-11-01,554409.14,63007,8.80,consolidated
2016-12-01,535010.44,62140,8.61,consolidated
2017-01-01,474931.76,53763,8.83,consolidated
2017-02-01,388147.77,44367,8.75,consolidated
2017-03-01,469948.70,52632,8.93,consolidated
2017-04-01,468115.41,52165,8.97,consolidated
2017-05-01,455812.03,50309,9.06,consolidated
2017-06-01,448650.10,50351,8.91,consolidated
2017-07-01,469127.13,52509,8.93,consolidated
2017-08-01,470594.19,52760,8.92,consolidated
2017-09-01,463457.64,53085,8.73,consolidated
2017-10-01,441808.71,50108,8.82,consolidated
2017-11-01,571332.22,66955,8.53,consolidated
2017-12-01,572295.48,66946,8.55,consolidated
2018-01-01,474138.87,54263,8.74,consolidated
2018-02-01,406281.30,46789,8.68,consolidated
2018-03-01,456891.08,51114,8.94,consolidated
2018-04-01,474716.64,53801,8.82,consolidated
2018-05-01,452407.81,51028,8.87,consolidated
2018-06-01,452045.92,51704,8.74,consolidated
2018-07-01,490691.16,55543,8.83,consolidated
2018-08-01,470455.73,53158,8.85,consolidated
2018-09-01,483829.99,54471,8.88,consolidated
2018-10-01,455116.76,52792,8.62,consolidated
2018-11-01,599496.21,71009,8.44,consolidated
2018-12-01,594609.18,68561,8.67,consolidated
2019-01-01,529083.64,61410,8.62,consolidated
2019-02-01,450119.16,52075,8.64,consolidated
2019-03-01,531030.40,61280,8.67,consolidated
2019-04-01,497904.32,57950,8.59,consolidated
2019-05-01,513022.03,59671,8.60,consolidated
2019-06-01,514205.90,58313,8.82,consolidated
2019-07-01,504763.42,58814,8.58,consolidated
2019-08-01,535262.01,61644,8.68,consolidated
2019-09-01,489033.68,57381,8.52,consolidated
2019-10-01,489989.20,56165,8.72,consolidated
2019-11-01,677753.71,80750,8.39,consolidated
2019-12-01,640605.38,76448,8.38,consolidated
2020-01-01,551245.49,64205,8.59,consolidated
2020-02-01,471911.27,54246,8.70,consolidated
2020-03-01,499533.19,57740,8.65,consolidated
2020-04-01,534732.95,62262,8.59,consolidated
2020-05-01,512943.60,59478,8.62,consolidated
2020-06-01,504788.82,59017,8.55,consolidated
2020-07-01,522759.32,59871,8.73,consolidated
2020-08-01,544929.11,64150,8.49,consolidated
2020-09-01,525220.49,62043,8.47,consolidated
2020-10-01,546860.49,62837,8.70,consolidated
2020-11-01,672161.14,80357,8.36,consolidated
2020-12-01,688469.62,83930,8.20,consolidated
2021-01-01,587484.39,69229,8.49,consolidated
2021-02-01,508874.76,59987,8.48,consolidated
2021-03-01,543866.68,64644,8.41,consolidated
2021-04-01,544948.90,63232,8.62,consolidated
2021-05-01,594136.97,69205,8.59,consolidated
2021-06-01,561437.79,67456,8.32,consolidated
2021-07-01,594096.19,68886,8.62,consolidated
2021-08-01,548737.23,64801,8.47,consolidated
2021-09-01,547796.06,63986,8.56,consolidated
2021-10-01,587674.65,70407,8.35,consolidated
2021-11-01,742778.83,90198,8.23,consolidated
2021-12-01,730744.32,87608,8.34,consolidated
2022-01-01,585098.46,70710,8.27,consolidated
2022-02-01,517085.18,61207,8.45,consolidated
2022-03-01,572009.44,68850,8.31,consolidated
2022-04-01,618826.00,73483,8.42,consolidated
2022-05-01,585980.67,69951,8.38,consolidated
2022-06-01,567283.73,68521,8.28,consolidated
2022-07-01,580083.51,69052,8.40,consolidated
2022-08-01,573717.22,69311,8.28,consolidated
2022-09-01,564334.93,67063,8.41,consolidated
2022-10-01,573648.06,67433,8.51,consolidated
2022-11-01,787724.82,98705,7.98,consolidated
2022-12-01,751071.58,91876,8.17,consolidated
2023-01-01,624331.30,76614,8.15,consolidated
2023-02-01,576355.26,69489,8.29,consolidated
2023-03-01,640940.80,76623,8.36,consolidated
2023-04-01,662459.97,81102,8.17,consolidated
2023-05-01,616792.08,74782,8.25,consolidated
2023-06-01,637785.64,77216,8.26,consolidated
2023-07-01,657419.87,78941,8.33,consolidated
2023-08-01,673814.39,82800,8.14,consolidated
2023-09-01,636438.72,77449,8.22,consolidated
2023-10-01,665941.82,81336,8.19,consolidated
2023-11-01,815596.20,101872,8.01,consolidated
2023-12-01,830485.75,104444,7.95,consolidated
2024-01-01,645415.87,77669,8.31,consolidated
2024-02-01,577348.56,69648,8.29,consolidated
2024-03-01,665309.57,82909,8.02,consolidated
2024-04-01,695029.55,83928,8.28,consolidated
2024-05-01,693024.67,83389,8.31,consolidated
2024-06-01,685061.04,84970,8.06,consolidated
2024-07-01,661027.61,81832,8.08,consolidated
2024-08-01,655427.22,81651,8.03,consolidated
2024-09-01,653966.43,78507,8.33,consolidated
2024-10-01,646435.10,78220,8.26,consolidated
2024-11-01,857593.24,108530,7.90,consolidated
2024-12-01,890845.01,110207,8.08,consolidated
2025-01-01,725580.17,89095,8.14,consolidated
2025-02-01,618907.48,77289,8.01,consolidated
2025-03-01,755376.19,93268,8.10,consolidated
2025-04-01,724600.79,88870,8.15,consolidated
2025-05-01,689603.16,85130,8.10,consolidated
2025-06-01,721761.84,88157,8.19,consolidated
2025-07-01,696838.02,84751,8.22,consolidated
2025-08-01,691258.86,86712,7.97,consolidated
2025-09-01,728413.49,89596,8.13,consolidated
2025-10-01,702449.65,88352,7.95,consolidated
2025-11-01,966184.45,124642,7.75,consolidated
2025-12-01,944843.11,120078,7.87,consolidated
